,Supplier_Lead_Time,Inventory_Levels,Order_Frequency,Delivery_Performance,Cost_Per_Unit
Supplier_Lead_Time,1.0,0.2842384102911324,-0.9035441454949082,-0.9048655567748412,0.952447554054055
Inventory_Levels,0.2842384102911324,1.0,-0.246965288571517,-0.3458250913489652,0.2966395300461031
Order_Frequency,-0.9035441454949082,-0.246965288571517,1.0,0.8446850282232047,-0.8606333472930375
Delivery_Performance,-0.9048655567748412,-0.3458250913489652,0.8446850282232047,1.0,-0.9031886519598038
Cost_Per_Unit,0.952447554054055,0.2966395300461031,-0.8606333472930375,-0.9031886519598038,1.0
